{"cameraMode":{"drawMode":0,"name":"Shaded","section":"Shading Mode"},"sceneLighting":true,"audioPlay":false,"sceneViewState":{"m_AlwaysRefresh":false,"showFog":true,"showSkybox":true,"showFlares":true,"showImageEffects":true,"showParticleSystems":true,"showVisualEffectGraphs":true,"m_FxEnabled":true},"in2DMode":false,"pivot":{"x":-14.419185638427735,"y":-9.067691802978516,"z":24.841747283935548},"rotation":{"x":-0.10070047527551651,"y":0.8168628215789795,"z":-0.15017177164554597,"w":-0.5477625727653503},"size":16.877696990966798,"orthographic":false}