{"cameraMode":{"drawMode":0,"name":"Shaded","section":"Shading Mode"},"sceneLighting":false,"audioPlay":false,"sceneViewState":{"m_AlwaysRefresh":false,"showFog":true,"showSkybox":false,"showFlares":true,"showImageEffects":true,"showParticleSystems":true,"showVisualEffectGraphs":true,"m_FxEnabled":true},"in2DMode":false,"pivot":{"x":0.012092888355255127,"y":0.8832066059112549,"z":-0.1137738823890686},"rotation":{"x":-0.3006581962108612,"y":0.36390358209609988,"z":-0.12538239359855653,"w":-0.8726163506507874},"size":1.415635585784912,"orthographic":false}